Number , Sensor 1 ,Sensor 2
0 , 1.000000 ,2.000000 , 
1 , 2.000000 ,2.000000 , 
2 , 3.000000 ,2.000000 , 
3 , 6.000000 ,1.000000 , 
4 , 6.000000 ,0.000000 , 
5 , 7.000000 ,-1.000000 , 
6 , 8.000000 ,-1.000000 , 
7 , 8.000000 ,0.000000 , 
8 , 10.000000 ,0.000000 , 
9 , 10.000000 ,0.000000 , 
